{
    "0": {
        "LFO0": 118.31471793472467,
        "LFO1": 127.6833617745268,
        "LFO2": 98.003414785287262,
        "LFO3": 130.86630908606551,
        "LFO4": 68.997521706789797,
        "LFO5": 137.77851939775735,
        "LFO6": 70.423882235640249,
        "LFO7": 112.37223862061572,
        "LFO8": 65.891719637645181,
        "LFO9": 146.21378662608979,
        "ROS0": 131.91109878048493,
        "ROS1": 148.61437640516166,
        "ROS2": 130.59353080189544,
        "ROS3": 133.22997617847889,
        "ROS4": 149.44312904109819,
        "ROS5": 73.035876221325196,
        "ROS6": 111.34000127473281,
        "ROS7": 51.211695853095122,
        "ROS8": 134.68628937010914,
        "ROS9": 129.37565399573279,
        "SAW0": 97.311558433425247,
        "SAW1": 118.84005023195967,
        "SAW2": 71.071049292667496,
        "SAW3": 132.37616001981857,
        "SAW4": 147.28109816262065,
        "SAW5": 47.346154387647104,
        "SAW6": 62.484106148498554,
        "SAW7": 30.3286078368366,
        "SAW8": 49.722766216453479,
        "SAW9": 126.64057381726651
    },
    "1": {
        "LFO0": 176.72136712035046,
        "LFO1": 263.53292905806859,
        "LFO2": 178.73892625357601,
        "LFO3": 156.02073697681843,
        "LFO4": 166.72095572058097,
        "LFO5": 169.81383324663443,
        "LFO6": 172.52745089228185,
        "LFO7": 170.89762937692061,
        "LFO8": 298.06677063545436,
        "LFO9": 228.63193585252623,
        "ROS0": 292.68310223480898,
        "ROS1": 240.67516858154704,
        "ROS2": 219.25723989066822,
        "ROS3": 276.43318080631758,
        "ROS4": 294.6926205181237,
        "ROS5": 167.91302929316109,
        "ROS6": 177.47895106820593,
        "ROS7": 276.42613186589352,
        "ROS8": 238.94028721622968,
        "ROS9": 263.16658470054807,
        "SAW0": 253.7296110838833,
        "SAW1": 152.54341100781468,
        "SAW2": 242.56256020449857,
        "SAW3": 288.21465379512648,
        "SAW4": 287.13349102521403,
        "SAW5": 210.76032333620549,
        "SAW6": 176.10869093579643,
        "SAW7": 220.81801006884638,
        "SAW8": 204.40407418419321,
        "SAW9": 215.17713459283189
    },
    "2": {
        "LFO0": 388.94306160630111,
        "LFO1": 377.28064316149988,
        "LFO2": 438.87063218536633,
        "LFO3": 407.2930056370526,
        "LFO4": 307.46048341504934,
        "LFO5": 353.27479111741371,
        "LFO6": 447.16451881598442,
        "LFO7": 388.27264227257547,
        "LFO8": 348.16967018136046,
        "LFO9": 448.8543308896821,
        "ROS0": 345.21116232259351,
        "ROS1": 333.68543999823157,
        "ROS2": 373.56678610494782,
        "ROS3": 389.55319002993815,
        "ROS4": 331.75186818510406,
        "ROS5": 438.33336271498331,
        "ROS6": 366.14417966603804,
        "ROS7": 359.50358077275723,
        "ROS8": 323.35240880270879,
        "ROS9": 426.52653242849175,
        "SAW0": 422.0002545415071,
        "SAW1": 333.52231724520738,
        "SAW2": 406.31598927432862,
        "SAW3": 410.36960719224282,
        "SAW4": 386.48094756204262,
        "SAW5": 376.61948530104945,
        "SAW6": 329.05733593647079,
        "SAW7": 403.4471234757068,
        "SAW8": 412.54824833467745,
        "SAW9": 316.90980143929357
    },
    "3": {
        "LFO0": 568.14390215692026,
        "LFO1": 460.07856600864699,
        "LFO2": 551.45885929755821,
        "LFO3": 557.47509320410416,
        "LFO4": 534.25142213493768,
        "LFO5": 497.77369776258098,
        "LFO6": 460.27208785019224,
        "LFO7": 597.30309481141944,
        "LFO8": 458.73711311616722,
        "LFO9": 508.85738979416459,
        "ROS0": 550.89505394618288,
        "ROS1": 514.86811516593139,
        "ROS2": 482.24499094380849,
        "ROS3": 452.72869650392556,
        "ROS4": 589.28524403627716,
        "ROS5": 477.5280820513089,
        "ROS6": 475.15124012874287,
        "ROS7": 474.75043265188685,
        "ROS8": 495.81807362267415,
        "ROS9": 511.48081495610808,
        "SAW0": 585.34766853552958,
        "SAW1": 559.9469367442972,
        "SAW2": 579.00729925675569,
        "SAW3": 451.60063891049595,
        "SAW4": 566.40926997904114,
        "SAW5": 541.85499275642439,
        "SAW6": 556.38474618763416,
        "SAW7": 549.83740381220616,
        "SAW8": 480.01045624454076,
        "SAW9": 494.18157178302943
    },
    "4": {
        "LFO0": 661.28090765240415,
        "LFO1": 732.58887296671548,
        "LFO2": 618.06517362413581,
        "LFO3": 669.60737569929631,
        "LFO4": 673.07911290876768,
        "LFO5": 664.29535082198947,
        "LFO6": 719.03787515139118,
        "LFO7": 615.28138648330923,
        "LFO8": 727.80465037859381,
        "LFO9": 742.46307492604001,
        "ROS0": 683.37369734101583,
        "ROS1": 729.81366006594703,
        "ROS2": 674.72694936393179,
        "ROS3": 740.64274458002376,
        "ROS4": 644.90900639623771,
        "ROS5": 668.47479162903767,
        "ROS6": 726.40918908929143,
        "ROS7": 739.90000156858798,
        "ROS8": 720.03610854126987,
        "ROS9": 714.87257416137174,
        "SAW0": 720.10452157567158,
        "SAW1": 683.83916756968449,
        "SAW2": 640.55562173919805,
        "SAW3": 613.7967259867263,
        "SAW4": 645.50445891832226,
        "SAW5": 680.69063574418908,
        "SAW6": 658.62110690596933,
        "SAW7": 701.19813179219534,
        "SAW8": 634.84360844661092,
        "SAW9": 607.03578432173401
    },
    "5": {
        "LFO0": 756.70898671553698,
        "LFO1": 773.30841292239347,
        "LFO2": 881.78516776448419,
        "LFO3": 778.9531094168683,
        "LFO4": 861.5962838955661,
        "LFO5": 785.52510969934985,
        "LFO6": 836.27763616864524,
        "LFO7": 817.95637791918921,
        "LFO8": 864.67430114794593,
        "LFO9": 769.12956479414049,
        "ROS0": 755.14132567011325,
        "ROS1": 774.11352207030495,
        "ROS2": 899.43891597560435,
        "ROS3": 759.29407047710504,
        "ROS4": 877.2273004059698,
        "ROS5": 875.55414146770977,
        "ROS6": 791.98928916858233,
        "ROS7": 841.04698873532914,
        "ROS8": 798.18982601586686,
        "ROS9": 755.65231310932245,
        "SAW0": 871.75564307443165,
        "SAW1": 821.60479121752951,
        "SAW2": 844.05967829219242,
        "SAW3": 790.23024782979769,
        "SAW4": 840.84642767174341,
        "SAW5": 824.55718153842042,
        "SAW6": 844.76678009401985,
        "SAW7": 811.23313952086278,
        "SAW8": 799.76267131096404,
        "SAW9": 756.70850640780804
    },
    "6": {
        "LFO0": 976.85087392593755,
        "LFO1": 1012.0665746320597,
        "LFO2": 910.93392373797099,
        "LFO3": 1001.171741889927,
        "LFO4": 900.42950027317113,
        "LFO5": 908.70449223641117,
        "LFO6": 1005.6559674561643,
        "LFO7": 928.65036883409653,
        "LFO8": 1003.9713968141709,
        "LFO9": 963.08426063610193,
        "ROS0": 1014.0927720714436,
        "ROS1": 989.95212402217612,
        "ROS2": 953.05414181222488,
        "ROS3": 1022.0729955531971,
        "ROS4": 971.06393081605688,
        "ROS5": 945.20497892261506,
        "ROS6": 983.5765850335747,
        "ROS7": 1026.6503234683589,
        "ROS8": 971.92202758096914,
        "ROS9": 936.66983871187472,
        "SAW0": 1001.1352800767111,
        "SAW1": 926.63308433315717,
        "SAW2": 955.86328288460959,
        "SAW3": 950.16264704578407,
        "SAW4": 941.49854880746022,
        "SAW5": 1038.0120272335744,
        "SAW6": 977.07209362867093,
        "SAW7": 935.28162013333485,
        "SAW8": 934.04947237449517,
        "SAW9": 957.12811713677843
    },
    "7": {
        "LFO0": 1151.6059303237903,
        "LFO1": 1109.7962876739648,
        "LFO2": 1054.629027374719,
        "LFO3": 1112.0566957969215,
        "LFO4": 1089.113447195733,
        "LFO5": 1123.139620596161,
        "LFO6": 1102.0011994748043,
        "LFO7": 1175.1922192434881,
        "LFO8": 1088.2949682488763,